{
  "atr": 0.035518,
  "bb_lower": 0.049333,
  "bb_mid": 0.056922,
  "bb_upper": 0.051472,
  "close": 0.053956,
  "ema_fast": 0.040523,
  "ema_slow": 0.034199,
  "high": 0.075874,
  "low": 0.055052,
  "macd": 0.036863,
  "macd_hist": 0.049809,
  "macd_signal": 0.044862,
  "momentum": 0.030004,
  "open": 0.032124,
  "rsi": 0.033554,
  "volume": 0.283313,
  "volume_ratio": 0.036621
}