{
  "atr": 0.035195,
  "bb_lower": 0.041043,
  "bb_mid": 0.065447,
  "bb_upper": 0.056879,
  "close": 0.057742,
  "ema_fast": 0.038703,
  "ema_slow": 0.035511,
  "high": 0.086156,
  "low": 0.064432,
  "macd": 0.03514,
  "macd_hist": 0.051455,
  "macd_signal": 0.04188,
  "momentum": 0.034699,
  "open": 0.03719,
  "rsi": 0.034188,
  "volume": 0.243218,
  "volume_ratio": 0.041123
}